CustomerID,CustomerGroup,CustomerName,CustomerCategoryName,PrimaryContact,DeliveryMethod,City,Province
1,Tailspin Toys,Tailspin Toys (Head Office),Novelty Shop,Waldemar Fisar,Delivery Van,Lisco,Nebraska
2,Tailspin Toys,"Tailspin Toys (Sylvanite, MT)",Novelty Shop,Lorena Cindric,Delivery Van,Sylvanite,Montana
3,Tailspin Toys,"Tailspin Toys (Peeples Valley, AZ)",Novelty Shop,Bhaargav Rambhatla,Delivery Van,Peeples Valley,Arizona
4,Tailspin Toys,"Tailspin Toys (Medicine Lodge, KS)",Novelty Shop,Daniel Roman,Delivery Van,Medicine Lodge,Kansas
5,Tailspin Toys,"Tailspin Toys (Gasport, NY)",Novelty Shop,Johanna Huiting,Delivery Van,Gasport,New York
6,Tailspin Toys,"Tailspin Toys (Jessie, ND)",Novelty Shop,Biswajeet Thakur,Delivery Van,Jessie,North Dakota
7,Tailspin Toys,"Tailspin Toys (Frankewing, TN)",Novelty Shop,Kalidas Nadar,Delivery Van,Frankewing,Tennessee
8,Tailspin Toys,"Tailspin Toys (Bow Mar, CO)",Novelty Shop,Kanti Kotadia,Delivery Van,Bow Mar,Colorado
9,Tailspin Toys,"Tailspin Toys (Netcong, NJ)",Novelty Shop,Sointu Aalto,Delivery Van,Netcong,New Jersey
10,Tailspin Toys,"Tailspin Toys (Wimbledon, ND)",Novelty Shop,Siddhartha Parkar,Delivery Van,Wimbledon,North Dakota
11,Tailspin Toys,"Tailspin Toys (Devault, PA)",Novelty Shop,Elnaz Javan,Delivery Van,Devault,Pennsylvania
12,Tailspin Toys,"Tailspin Toys (Biscay, MN)",Novelty Shop,Heloisa Fernandes,Delivery Van,Biscay,Minnesota
13,Tailspin Toys,"Tailspin Toys (Stonefort, IL)",Novelty Shop,Razeena Hosseini,Delivery Van,Stonefort,Illinois
14,Tailspin Toys,"Tailspin Toys (Long Meadow, MD)",Novelty Shop,Tereza Valentova,Delivery Van,Long Meadow,Maryland
15,Tailspin Toys,"Tailspin Toys (Batson, TX)",Novelty Shop,Filips Jaunzems,Delivery Van,Batson,Texas
16,Tailspin Toys,"Tailspin Toys (Coney Island, MO)",Novelty Shop,Nitin Matondkar,Delivery Van,Coney Island,Missouri
17,Tailspin Toys,"Tailspin Toys (East Fultonham, OH)",Novelty Shop,Adam Kubat,Delivery Van,East Fultonham,Ohio
18,Tailspin Toys,"Tailspin Toys (Goffstown, NH)",Novelty Shop,Isabelle Vodlan,Delivery Van,Goffstown,New Hampshire
19,Tailspin Toys,"Tailspin Toys (Lemeta, AK)",Novelty Shop,Mithun Bhattacharya,Delivery Van,Lemeta,Alaska
20,Tailspin Toys,"Tailspin Toys (College Place, WA)",Novelty Shop,Nghi Hua,Delivery Van,College Place,Washington
21,Tailspin Toys,"Tailspin Toys (Tresckow, PA)",Novelty Shop,Duleep Raju,Delivery Van,Tresckow,Pennsylvania
22,Tailspin Toys,"Tailspin Toys (Ward Ridge, FL)",Novelty Shop,Cristina Longo,Delivery Van,Ward Ridge,Florida
23,Tailspin Toys,"Tailspin Toys (Ikatan, AK)",Novelty Shop,Hang Tang,Delivery Van,Ikatan,Alaska
24,Tailspin Toys,"Tailspin Toys (Dundarrach, NC)",Novelty Shop,Intira Mookjai,Delivery Van,Dundarrach,North Carolina
25,Tailspin Toys,"Tailspin Toys (Avenal, CA)",Novelty Shop,Sulabha Khalsa,Delivery Van,Avenal,California
26,Tailspin Toys,"Tailspin Toys (Hedrick, IA)",Novelty Shop,Dhanishta Majji,Delivery Van,Hedrick,Iowa
27,Tailspin Toys,"Tailspin Toys (Bowlus, MN)",Novelty Shop,Paula Gonzales,Delivery Van,Bowlus,Minnesota
28,Tailspin Toys,"Tailspin Toys (North Ridge, NY)",Novelty Shop,Tatjana Utjesenovic,Delivery Van,North Ridge,New York
29,Tailspin Toys,"Tailspin Toys (Eulaton, AL)",Novelty Shop,Karel Hanak,Delivery Van,Eulaton,Alabama
30,Tailspin Toys,"Tailspin Toys (Koontzville, WA)",Novelty Shop,Odessa Schneider,Delivery Van,Koontzville,Washington
31,Tailspin Toys,"Tailspin Toys (Lake Stevens, WA)",Novelty Shop,Kimberly Pace,Delivery Van,Lake Stevens,Washington
32,Tailspin Toys,"Tailspin Toys (Maypearl, TX)",Novelty Shop,Nikolajs Kalejs,Delivery Van,Maypearl,Texas
33,Tailspin Toys,"Tailspin Toys (Boyden Arbor, SC)",Novelty Shop,Haasini Rai,Delivery Van,Boyden Arbor,South Carolina
34,Tailspin Toys,"Tailspin Toys (Dallardsville, TX)",Novelty Shop,Anjali Asthana,Delivery Van,Dallardsville,Texas
35,Tailspin Toys,"Tailspin Toys (Slanesville, WV)",Novelty Shop,Shah Omidi,Delivery Van,Slanesville,West Virginia
36,Tailspin Toys,"Tailspin Toys (Ekron, KY)",Novelty Shop,Ferhat Celik,Delivery Van,Ekron,Kentucky
37,Tailspin Toys,"Tailspin Toys (Kerby, OR)",Novelty Shop,Dayarama Kamei,Delivery Van,Kerby,Oregon
38,Tailspin Toys,"Tailspin Toys (Airport Drive, MO)",Novelty Shop,Nils Kalnins,Delivery Van,Airport Drive,Missouri
39,Tailspin Toys,"Tailspin Toys (Diablock, KY)",Novelty Shop,Ashish Acharya,Delivery Van,Diablock,Kentucky
40,Tailspin Toys,"Tailspin Toys (Impact, TX)",Novelty Shop,Alena Prikrylova,Delivery Van,Impact,Texas
41,Tailspin Toys,"Tailspin Toys (Olivette, MO)",Novelty Shop,Lana Rozej,Delivery Van,Olivette,Missouri
42,Tailspin Toys,"Tailspin Toys (Arietta, NY)",Novelty Shop,Chandrakanta Raut,Delivery Van,Arietta,New York
43,Tailspin Toys,"Tailspin Toys (Upper Preston, WA)",Novelty Shop,Ganapati Gadiyaram,Delivery Van,Upper Preston,Washington
44,Tailspin Toys,"Tailspin Toys (Amanda Park, WA)",Novelty Shop,Adrijana Blagojevic,Delivery Van,Amanda Park,Washington
45,Tailspin Toys,"Tailspin Toys (Severna Park, MD)",Novelty Shop,Lap Dinh,Delivery Van,Severna Park,Maryland
46,Tailspin Toys,"Tailspin Toys (Jemison, AL)",Novelty Shop,Didem ozCelik,Delivery Van,Jemison,Alabama
47,Tailspin Toys,"Tailspin Toys (Lake Hughes, CA)",Novelty Shop,Serhat Akbulut,Delivery Van,Lake Hughes,California
48,Tailspin Toys,"Tailspin Toys (Trentwood, WA)",Novelty Shop,Daniela Barrios,Delivery Van,Trentwood,Washington
49,Tailspin Toys,"Tailspin Toys (Muir, MI)",Novelty Shop,Julia Slobodova,Delivery Van,Muir,Michigan
50,Tailspin Toys,"Tailspin Toys (Hambleton, WV)",Novelty Shop,Marcela Jankova,Delivery Van,Hambleton,West Virginia
51,Tailspin Toys,"Tailspin Toys (Imlaystown, NJ)",Novelty Shop,Dipali Sonkar,Delivery Van,Imlaystown,New Jersey
52,Tailspin Toys,"Tailspin Toys (Idria, CA)",Novelty Shop,Bansidhar Mitra,Delivery Van,Idria,California
53,Tailspin Toys,"Tailspin Toys (Nanafalia, AL)",Novelty Shop,Gunnar Persson,Delivery Van,Nanafalia,Alabama
54,Tailspin Toys,"Tailspin Toys (Railroad, PA)",Novelty Shop,Vitezslav Rehak,Delivery Van,Railroad,Pennsylvania
55,Tailspin Toys,"Tailspin Toys (Gum Branch, GA)",Novelty Shop,Bharat Sikdar,Delivery Van,Gum Branch,Georgia
56,Tailspin Toys,"Tailspin Toys (Royal City, WA)",Novelty Shop,Juan Bezanson,Delivery Van,Royal City,Washington
57,Tailspin Toys,"Tailspin Toys (Lakemore, OH)",Novelty Shop,Aile Mae,Delivery Van,Lakemore,Ohio
58,Tailspin Toys,"Tailspin Toys (Mappsburg, VA)",Novelty Shop,Pratap Varghese,Delivery Van,Mappsburg,Virginia
59,Tailspin Toys,"Tailspin Toys (Edgartown, MA)",Novelty Shop,Margita Kopecka,Delivery Van,Edgartown,Massachusetts[E]
60,Tailspin Toys,"Tailspin Toys (East Dailey, WV)",Novelty Shop,Lekha Mitra,Delivery Van,East Dailey,West Virginia
61,Tailspin Toys,"Tailspin Toys (Fairfield Glade, TN)",Novelty Shop,Abhoy PrabhupÄda,Delivery Van,Fairfield Glade,Tennessee
62,Tailspin Toys,"Tailspin Toys (Great Neck Estates, NY)",Novelty Shop,Alida Caune,Delivery Van,Great Neck Estates,New York
63,Tailspin Toys,"Tailspin Toys (Stallion Springs, CA)",Novelty Shop,Agnes Szolosy,Delivery Van,Stallion Springs,California
64,Tailspin Toys,"Tailspin Toys (Hodgdon, ME)",Novelty Shop,Rohana Kaskar,Delivery Van,Hodgdon,Maine
65,Tailspin Toys,"Tailspin Toys (North Cowden, TX)",Novelty Shop,Hanuman Dubey,Delivery Van,North Cowden,Texas
66,Tailspin Toys,"Tailspin Toys (Madaket, MA)",Novelty Shop,Bao Dao,Delivery Van,Madaket,Massachusetts[E]
67,Tailspin Toys,"Tailspin Toys (Sentinel Butte, ND)",Novelty Shop,Preyakshna Aluri,Delivery Van,Sentinel Butte,North Dakota
68,Tailspin Toys,"Tailspin Toys (Gardere, LA)",Novelty Shop,Valentina Conti,Delivery Van,Gardere,Louisiana
69,Tailspin Toys,"Tailspin Toys (Lytle Creek, CA)",Novelty Shop,Theodore Saucier,Delivery Van,Lytle Creek,California
70,Tailspin Toys,"Tailspin Toys (New Baden, IL)",Novelty Shop,Mariana Fierro,Delivery Van,New Baden,Illinois
71,Tailspin Toys,"Tailspin Toys (Good Hart, MI)",Novelty Shop,Afshin Djalili,Delivery Van,Good Hart,Michigan
72,Tailspin Toys,"Tailspin Toys (Cortaro, AZ)",Novelty Shop,Bianh Phan,Delivery Van,Cortaro,Arizona
73,Tailspin Toys,"Tailspin Toys (Cokato, MN)",Novelty Shop,Koknesis Vitols,Delivery Van,Cokato,Minnesota
74,Tailspin Toys,"Tailspin Toys (Indios, PR)",Novelty Shop,Roxane Rastgu,Delivery Van,Indios,Puerto Rico - US Territory
75,Tailspin Toys,"Tailspin Toys (Windsor Locks, CT)",Novelty Shop,Vlasta Srbova,Delivery Van,Windsor Locks,Connecticut
76,Tailspin Toys,"Tailspin Toys (Yewed, OK)",Novelty Shop,Lata Babu,Delivery Van,Yewed,Oklahoma
77,Tailspin Toys,"Tailspin Toys (Hahira, GA)",Novelty Shop,Airi Vassiljev,Delivery Van,Hahira,Georgia
78,Tailspin Toys,"Tailspin Toys (Sekiu, WA)",Novelty Shop,Duleep Walia,Delivery Van,Sekiu,Washington
79,Tailspin Toys,"Tailspin Toys (Page City, KS)",Novelty Shop,Matyas Macek,Delivery Van,Page City,Kansas
80,Tailspin Toys,"Tailspin Toys (Valdese, NC)",Novelty Shop,Bharat Ankitham,Delivery Van,Valdese,North Carolina
81,Tailspin Toys,"Tailspin Toys (Big Moose, NY)",Novelty Shop,Vera Kubatova,Delivery Van,Big Moose,New York
82,Tailspin Toys,"Tailspin Toys (La Cueva, NM)",Novelty Shop,Rakesh Nishad,Delivery Van,La Cueva,New Mexico
83,Tailspin Toys,"Tailspin Toys (Absecon, NJ)",Novelty Shop,Sang Tran,Delivery Van,Absecon,New Jersey
84,Tailspin Toys,"Tailspin Toys (Aceitunas, PR)",Novelty Shop,Eekalabya Bose,Delivery Van,Aceitunas,Puerto Rico - US Territory
85,Tailspin Toys,"Tailspin Toys (Andrix, CO)",Novelty Shop,Tommy Kilpi,Delivery Van,Andrix,Colorado
86,Tailspin Toys,"Tailspin Toys (New Lexington, OH)",Novelty Shop,Andrea Ricci,Delivery Van,New Lexington,Ohio
87,Tailspin Toys,"Tailspin Toys (Sauquoit, NY)",Novelty Shop,Isabell Duperre,Delivery Van,Sauquoit,New York
88,Tailspin Toys,"Tailspin Toys (Dracut, MA)",Novelty Shop,Amarendra Ankitham,Delivery Van,Dracut,Massachusetts[E]
89,Tailspin Toys,"Tailspin Toys (Victory Gardens, NJ)",Novelty Shop,Aakarsha Nookala,Delivery Van,Victory Gardens,New Jersey
90,Tailspin Toys,"Tailspin Toys (Tolna, ND)",Novelty Shop,Stanislav Sedlar,Delivery Van,Tolna,North Dakota
91,Tailspin Toys,"Tailspin Toys (Alstead, NH)",Novelty Shop,GokCe Karaca,Delivery Van,Alstead,New Hampshire
92,Tailspin Toys,"Tailspin Toys (Sans Souci, SC)",Novelty Shop,Coralie Emond,Delivery Van,Sans Souci,South Carolina
93,Tailspin Toys,"Tailspin Toys (Clewiston, FL)",Novelty Shop,Karina Celmina,Delivery Van,Clewiston,Florida
94,Tailspin Toys,"Tailspin Toys (Cheyenne Wells, CO)",Novelty Shop,Teresa Pisani,Delivery Van,Cheyenne Wells,Colorado
95,Tailspin Toys,"Tailspin Toys (Lavon, TX)",Novelty Shop,Alba Ponce,Delivery Van,Lavon,Texas
96,Tailspin Toys,"Tailspin Toys (South La Paloma, TX)",Novelty Shop,Piper Leigh,Delivery Van,South La Paloma,Texas
97,Tailspin Toys,"Tailspin Toys (Manchester Center, VT)",Novelty Shop,Karie Seymour,Delivery Van,Manchester Center,Vermont
98,Tailspin Toys,"Tailspin Toys (El Centro, CA)",Novelty Shop,Timea Peto,Delivery Van,El Centro,California
99,Tailspin Toys,"Tailspin Toys (Guin, AL)",Novelty Shop,Victoria Ene,Delivery Van,Guin,Alabama
100,Tailspin Toys,"Tailspin Toys (Tunnelhill, PA)",Novelty Shop,Bhavani Bhowmick,Delivery Van,Tunnelhill,Pennsylvania
101,Tailspin Toys,"Tailspin Toys (Cundiyo, NM)",Novelty Shop,Yasmine Berggren,Delivery Van,Cundiyo,New Mexico
102,Tailspin Toys,"Tailspin Toys (Fieldbrook, CA)",Novelty Shop,Tea Koppel,Delivery Van,Fieldbrook,California
103,Tailspin Toys,"Tailspin Toys (Kalvesta, KS)",Novelty Shop,Naseem Radan,Delivery Van,Kalvesta,Kansas
104,Tailspin Toys,"Tailspin Toys (Wallagrass, ME)",Novelty Shop,Laboni Deb,Delivery Van,Wallagrass,Maine
105,Tailspin Toys,"Tailspin Toys (Tomnolen, MS)",Novelty Shop,Sung-Hwan Hwang,Delivery Van,Tomnolen,Mississippi
106,Tailspin Toys,"Tailspin Toys (Tumacacori, AZ)",Novelty Shop,Shiva Pipalia,Delivery Van,Tumacacori,Arizona
107,Tailspin Toys,"Tailspin Toys (Glen Avon, CA)",Novelty Shop,Karie Mercier,Delivery Van,Glen Avon,California
108,Tailspin Toys,"Tailspin Toys (Bernie, MO)",Novelty Shop,Bhanu Thota,Delivery Van,Bernie,Missouri
109,Tailspin Toys,"Tailspin Toys (South Laguna, CA)",Novelty Shop,Ae-Cha Joo,Delivery Van,South Laguna,California
110,Tailspin Toys,"Tailspin Toys (North Crows Nest, IN)",Novelty Shop,Dinara Saparkyzy,Delivery Van,North Crows Nest,Indiana
111,Tailspin Toys,"Tailspin Toys (Oriole Beach, FL)",Novelty Shop,Adam Dvorak,Delivery Van,Oriole Beach,Florida
112,Tailspin Toys,"Tailspin Toys (Sallyards, KS)",Novelty Shop,Ingrida Celmina,Delivery Van,Sallyards,Kansas
113,Tailspin Toys,"Tailspin Toys (Dahlia, NM)",Novelty Shop,Jae-Hwa Jang,Delivery Van,Dahlia,New Mexico
114,Tailspin Toys,"Tailspin Toys (Cherry Grove Beach, SC)",Novelty Shop,Duck-Hwan Bae,Delivery Van,Cherry Grove Beach,South Carolina
115,Tailspin Toys,"Tailspin Toys (Bethania, NC)",Novelty Shop,Jagoda Vasiljevic,Delivery Van,Bethania,North Carolina
116,Tailspin Toys,"Tailspin Toys (Rafael Capó, PR)",Novelty Shop,Toma Nastase,Delivery Van,Rafael Capó,Puerto Rico - US Territory
117,Tailspin Toys,"Tailspin Toys (Scofield, UT)",Novelty Shop,Valerio Cardoso,Delivery Van,Scofield,Utah
118,Tailspin Toys,"Tailspin Toys (Vassalboro, ME)",Novelty Shop,Ileana Aguilar,Delivery Van,Vassalboro,Maine
119,Tailspin Toys,"Tailspin Toys (Statenville, GA)",Novelty Shop,Tjasa Weitzer,Delivery Van,Statenville,Georgia
120,Tailspin Toys,"Tailspin Toys (Bratenahl, OH)",Novelty Shop,Lucas Van Veenen,Delivery Van,Bratenahl,Ohio
121,Tailspin Toys,"Tailspin Toys (Elrosa, MN)",Novelty Shop,Steven Frasier,Delivery Van,Elrosa,Minnesota
122,Tailspin Toys,"Tailspin Toys (McClave, CO)",Novelty Shop,Mauri Enestam,Delivery Van,McClave,Colorado
123,Tailspin Toys,"Tailspin Toys (Roe Park, NY)",Novelty Shop,Ella Zvirbule,Delivery Van,Roe Park,New York
124,Tailspin Toys,"Tailspin Toys (Hanoverton, OH)",Novelty Shop,Sevim AydÄ±n,Delivery Van,Hanoverton,Ohio
125,Tailspin Toys,"Tailspin Toys (Annamoriah, WV)",Novelty Shop,Blanka Stavinohova,Delivery Van,Annamoriah,West Virginia
126,Tailspin Toys,"Tailspin Toys (Francis Mills, NJ)",Novelty Shop,Akanksha Iyengar,Delivery Van,Francis Mills,New Jersey
127,Tailspin Toys,"Tailspin Toys (Point Roberts, WA)",Novelty Shop,Kertu Smirnov,Delivery Van,Point Roberts,Washington
128,Tailspin Toys,"Tailspin Toys (East Portal, CO)",Novelty Shop,Jure Grabensek,Delivery Van,East Portal,Colorado
129,Tailspin Toys,"Tailspin Toys (Mineral Hills, MI)",Novelty Shop,Javiera Madera,Delivery Van,Mineral Hills,Michigan
130,Tailspin Toys,"Tailspin Toys (Maple Shade, NJ)",Novelty Shop,Aija Mottola,Delivery Van,Maple Shade,New Jersey
131,Tailspin Toys,"Tailspin Toys (Kwethluk, AK)",Novelty Shop,Darshan Gupta,Delivery Van,Kwethluk,Alaska
132,Tailspin Toys,"Tailspin Toys (Minidoka, ID)",Novelty Shop,Akanksha Sarma,Delivery Van,Minidoka,Idaho
133,Tailspin Toys,"Tailspin Toys (Lake Erie Beach, NY)",Novelty Shop,Aino Kallas,Delivery Van,Lake Erie Beach,New York
134,Tailspin Toys,"Tailspin Toys (Tavares, FL)",Novelty Shop,An Dung Phung,Delivery Van,Tavares,Florida
135,Tailspin Toys,"Tailspin Toys (Terre du Lac, MO)",Novelty Shop,Gaurav Sikdar,Delivery Van,Terre du Lac,Missouri
136,Tailspin Toys,"Tailspin Toys (Mount Montgomery, NV)",Novelty Shop,Anirban Sen,Delivery Van,Mount Montgomery,Nevada
137,Tailspin Toys,"Tailspin Toys (Carbonville, UT)",Novelty Shop,Chandrakanta Benjaree,Delivery Van,Carbonville,Utah
138,Tailspin Toys,"Tailspin Toys (Navassa, NC)",Novelty Shop,Badari Chadalavada,Delivery Van,Navassa,North Carolina
139,Tailspin Toys,"Tailspin Toys (Hardeeville, SC)",Novelty Shop,Gabriele Udinesi,Delivery Van,Hardeeville,South Carolina
140,Tailspin Toys,"Tailspin Toys (Furley, KS)",Novelty Shop,Malay PrabhupÄda,Delivery Van,Furley,Kansas
141,Tailspin Toys,"Tailspin Toys (Arrow Rock, MO)",Novelty Shop,Hedi Koppel,Delivery Van,Arrow Rock,Missouri
142,Tailspin Toys,"Tailspin Toys (King Cove, AK)",Novelty Shop,Denisa Ioveanu,Delivery Van,King Cove,Alaska
143,Tailspin Toys,"Tailspin Toys (Ashtabula, OH)",Novelty Shop,Vaclav Polaskova,Delivery Van,Ashtabula,Ohio
144,Tailspin Toys,"Tailspin Toys (Larose, LA)",Novelty Shop,Pramod Nishad,Delivery Van,Larose,Louisiana
145,Tailspin Toys,"Tailspin Toys (Manahawkin, NJ)",Novelty Shop,Prasong Tuntayakul,Delivery Van,Manahawkin,New Jersey
146,Tailspin Toys,"Tailspin Toys (Belgreen, AL)",Novelty Shop,Aija Zvaigzne,Delivery Van,Belgreen,Alabama
147,Tailspin Toys,"Tailspin Toys (Fishtail, MT)",Novelty Shop,Gilbert Pelland,Delivery Van,Fishtail,Montana
148,Tailspin Toys,"Tailspin Toys (Baraboo, WI)",Novelty Shop,Marcella Napolitani,Delivery Van,Baraboo,Wisconsin
149,Tailspin Toys,"Tailspin Toys (Inguadona, MN)",Novelty Shop,Femke Hollenberg,Delivery Van,Inguadona,Minnesota
150,Tailspin Toys,"Tailspin Toys (Corfu, NY)",Novelty Shop,Brita Jarvi,Delivery Van,Corfu,New York
151,Tailspin Toys,"Tailspin Toys (Antares, AZ)",Novelty Shop,Donato Araujo,Delivery Van,Antares,Arizona
152,Tailspin Toys,"Tailspin Toys (Sun River, MT)",Novelty Shop,Aleksander Jarvi,Delivery Van,Sun River,Montana
153,Tailspin Toys,"Tailspin Toys (Marcell, MN)",Novelty Shop,Malati Shenoy,Delivery Van,Marcell,Minnesota
154,Tailspin Toys,"Tailspin Toys (Eden Valley, MN)",Novelty Shop,Gui-Hyun Ji,Delivery Van,Eden Valley,Minnesota
155,Tailspin Toys,"Tailspin Toys (Arbor Vitae, WI)",Novelty Shop,Michal Polaskova,Delivery Van,Arbor Vitae,Wisconsin
156,Tailspin Toys,"Tailspin Toys (Hollywood Park, TX)",Novelty Shop,Dilara Ayhan,Delivery Van,Hollywood Park,Texas
157,Tailspin Toys,"Tailspin Toys (Saks, AL)",Novelty Shop,Peter Macias,Delivery Van,Saks,Alabama
158,Tailspin Toys,"Tailspin Toys (Donner, LA)",Novelty Shop,Kurt Lukes,Delivery Van,Donner,Louisiana
159,Tailspin Toys,"Tailspin Toys (Saint Louis Park, MN)",Novelty Shop,Beatrise Bite,Delivery Van,Saint Louis Park,Minnesota
160,Tailspin Toys,"Tailspin Toys (Crary, ND)",Novelty Shop,Bishwanath Ghosh,Delivery Van,Crary,North Dakota
161,Tailspin Toys,"Tailspin Toys (Aspen Park, CO)",Novelty Shop,Gianguido Lucchesi,Delivery Van,Aspen Park,Colorado
162,Tailspin Toys,"Tailspin Toys (Glen Park, NY)",Novelty Shop,Nu Bach,Delivery Van,Glen Park,New York
163,Tailspin Toys,"Tailspin Toys (Panaca, NV)",Novelty Shop,Ivonna Ene,Delivery Van,Panaca,Nevada
164,Tailspin Toys,"Tailspin Toys (Rothsville, PA)",Novelty Shop,Ceyhun sahin,Delivery Van,Rothsville,Pennsylvania
165,Tailspin Toys,"Tailspin Toys (Topstone, CT)",Novelty Shop,Tian Peng,Delivery Van,Topstone,Connecticut
166,Tailspin Toys,"Tailspin Toys (McCamey, TX)",Novelty Shop,Vlastimil Bohuslav,Delivery Van,McCamey,Texas
167,Tailspin Toys,"Tailspin Toys (Rockwall, TX)",Novelty Shop,Nejc Vosnik,Delivery Van,Rockwall,Texas
168,Tailspin Toys,"Tailspin Toys (Seagraves, TX)",Novelty Shop,Anindo Mazumdar,Delivery Van,Seagraves,Texas
169,Tailspin Toys,"Tailspin Toys (Sinclair, WY)",Novelty Shop,Nils Balodis,Delivery Van,Sinclair,Wyoming
170,Tailspin Toys,"Tailspin Toys (Eastchester, NY)",Novelty Shop,Daniella Barbosa,Delivery Van,Eastchester,New York
171,Tailspin Toys,"Tailspin Toys (Ortley Beach, NJ)",Novelty Shop,Raymond Levesque,Delivery Van,Ortley Beach,New Jersey
172,Tailspin Toys,"Tailspin Toys (Madrone, NM)",Novelty Shop,Raymond Desforges,Delivery Van,Madrone,New Mexico
173,Tailspin Toys,"Tailspin Toys (Wappingers Falls, NY)",Novelty Shop,Raju Atluri,Delivery Van,Wappingers Falls,New York
174,Tailspin Toys,"Tailspin Toys (Astor Park, FL)",Novelty Shop,Matyas Bohuslav,Delivery Van,Astor Park,Florida
175,Tailspin Toys,"Tailspin Toys (San Acacia, NM)",Novelty Shop,Julio Correa,Delivery Van,San Acacia,New Mexico
176,Tailspin Toys,"Tailspin Toys (Malott, WA)",Novelty Shop,Banshari De,Delivery Van,Malott,Washington
177,Tailspin Toys,"Tailspin Toys (Orrtanna, PA)",Novelty Shop,Ngai Lam,Delivery Van,Orrtanna,Pennsylvania
178,Tailspin Toys,"Tailspin Toys (Armstrong Creek, WI)",Novelty Shop,Hyun-Doo Song,Delivery Van,Armstrong Creek,Wisconsin
179,Tailspin Toys,"Tailspin Toys (Hiteman, IA)",Novelty Shop,Gabriela Srbova,Delivery Van,Hiteman,Iowa
180,Tailspin Toys,"Tailspin Toys (Caselton, NV)",Novelty Shop,Serkan senturk,Delivery Van,Caselton,Nevada
181,Tailspin Toys,"Tailspin Toys (Heilwood, PA)",Novelty Shop,Aahlada Thota,Delivery Van,Heilwood,Pennsylvania
182,Tailspin Toys,"Tailspin Toys (Hayes Center, NE)",Novelty Shop,Ayberk sahin,Delivery Van,Hayes Center,Nebraska
183,Tailspin Toys,"Tailspin Toys (Tierra Verde, FL)",Novelty Shop,Kaan Tekin,Delivery Van,Tierra Verde,Florida
184,Tailspin Toys,"Tailspin Toys (South Euclid, OH)",Novelty Shop,Lata Khandke,Delivery Van,South Euclid,Ohio
185,Tailspin Toys,"Tailspin Toys (Vidrine, LA)",Novelty Shop,Truman Eder,Delivery Van,Vidrine,Louisiana
186,Tailspin Toys,"Tailspin Toys (Placer, OR)",Novelty Shop,Lorraine Paulet,Delivery Van,Placer,Oregon
187,Tailspin Toys,"Tailspin Toys (Brown City, MI)",Novelty Shop,Biplab De,Delivery Van,Brown City,Michigan
188,Tailspin Toys,"Tailspin Toys (Premont, TX)",Novelty Shop,Rachelle Brasseur,Delivery Van,Premont,Texas
189,Tailspin Toys,"Tailspin Toys (Wilkes-Barre, PA)",Novelty Shop,Sara Charlton,Delivery Van,Wilkes-Barre,Pennsylvania
190,Tailspin Toys,"Tailspin Toys (Teutopolis, IL)",Novelty Shop,Ramesh Mukherjee,Delivery Van,Teutopolis,Illinois
191,Tailspin Toys,"Tailspin Toys (Orchard Hill, GA)",Novelty Shop,Ester Ahmadian,Delivery Van,Orchard Hill,Georgia
192,Tailspin Toys,"Tailspin Toys (Optimo, NM)",Novelty Shop,Daniel Magnusson,Delivery Van,Optimo,New Mexico
193,Tailspin Toys,"Tailspin Toys (Knifley, KY)",Novelty Shop,Jack Carpenter,Delivery Van,Knifley,Kentucky
194,Tailspin Toys,"Tailspin Toys (Naples Park, FL)",Novelty Shop,Thomas Fischer,Delivery Van,Naples Park,Florida
195,Tailspin Toys,"Tailspin Toys (Lesslie, SC)",Novelty Shop,Viollette Monty,Delivery Van,Lesslie,South Carolina
196,Tailspin Toys,"Tailspin Toys (Howells, NE)",Novelty Shop,Alinne Cardoso,Delivery Van,Howells,Nebraska
197,Tailspin Toys,"Tailspin Toys (Magalia, CA)",Novelty Shop,Mani Poddar,Delivery Van,Magalia,California
198,Tailspin Toys,"Tailspin Toys (Buell, MO)",Novelty Shop,Deakshitulu Mokkapati,Delivery Van,Buell,Missouri
199,Tailspin Toys,"Tailspin Toys (Antonito, CO)",Novelty Shop,Cezar Pavel,Delivery Van,Antonito,Colorado
200,Tailspin Toys,"Tailspin Toys (Tooele, UT)",Novelty Shop,Fanni Benko,Delivery Van,Tooele,Utah
201,Tailspin Toys,"Tailspin Toys (Skyway, WA)",Novelty Shop,Brenda Morgan,Delivery Van,Skyway,Washington
401,Wingtip Toys,Wingtip Toys (Head Office),Novelty Shop,Olga Alexandrova,Delivery Van,Orchard Mesa,Colorado
402,Wingtip Toys,"Wingtip Toys (Black Lick, PA)",Novelty Shop,Maris Baltins,Delivery Van,Black Lick,Pennsylvania
403,Wingtip Toys,"Wingtip Toys (Queen Valley, AZ)",Novelty Shop,Parsa Reuser,Delivery Van,Queen Valley,Arizona
404,Wingtip Toys,"Wingtip Toys (Penns Creek, PA)",Novelty Shop,Duleep Srivastava,Delivery Van,Penns Creek,Pennsylvania
405,Wingtip Toys,"Wingtip Toys (Bourbonnais, IL)",Novelty Shop,Miran Nikolic,Delivery Van,Bourbonnais,Illinois
406,Wingtip Toys,"Wingtip Toys (Tuscaloosa, AL)",Novelty Shop,Calin Bojin,Delivery Van,Tuscaloosa,Alabama
407,Wingtip Toys,"Wingtip Toys (Mooringsport, LA)",Novelty Shop,Lang Le,Delivery Van,Mooringsport,Louisiana
408,Wingtip Toys,"Wingtip Toys (Rockwall, TX)",Novelty Shop,Bhaagyalakshmi Muppavarapu,Delivery Van,Rockwall,Texas
409,Wingtip Toys,"Wingtip Toys (Orick, CA)",Novelty Shop,Dimitry Nechita,Delivery Van,Orick,California
410,Wingtip Toys,"Wingtip Toys (Bernstein, TX)",Novelty Shop,Miroslav Kohout,Delivery Van,Bernstein,Texas
411,Wingtip Toys,"Wingtip Toys (Edmund, WI)",Novelty Shop,Fransje Mutlu,Delivery Van,Edmund,Wisconsin
412,Wingtip Toys,"Wingtip Toys (Bozeman Hot Springs, MT)",Novelty Shop,Chati Ornlamai,Delivery Van,Bozeman Hot Springs,Montana
413,Wingtip Toys,"Wingtip Toys (Truscott, TX)",Novelty Shop,Raine Knihtila,Delivery Van,Truscott,Texas
414,Wingtip Toys,"Wingtip Toys (Rose Tree, PA)",Novelty Shop,Lan Chu,Delivery Van,Rose Tree,Pennsylvania
415,Wingtip Toys,"Wingtip Toys (Leathersville, GA)",Novelty Shop,Maurice English,Delivery Van,Leathersville,Georgia
416,Wingtip Toys,"Wingtip Toys (Necedah, WI)",Novelty Shop,Irene Sepp,Delivery Van,Necedah,Wisconsin
417,Wingtip Toys,"Wingtip Toys (Chetek, WI)",Novelty Shop,Chandranath Bose,Delivery Van,Chetek,Wisconsin
418,Wingtip Toys,"Wingtip Toys (Yaak, MT)",Novelty Shop,Ana Julijana Isa,Delivery Van,Yaak,Montana
419,Wingtip Toys,"Wingtip Toys (Compass Lake, FL)",Novelty Shop,Gireesh Bhogireddy,Delivery Van,Compass Lake,Florida
420,Wingtip Toys,"Wingtip Toys (Herlong, CA)",Novelty Shop,Premwadee Atitarn,Delivery Van,Herlong,California
421,Wingtip Toys,"Wingtip Toys (Highland Home, AL)",Novelty Shop,Nishant Patil,Delivery Van,Highland Home,Alabama
422,Wingtip Toys,"Wingtip Toys (Naches, WA)",Novelty Shop,Rohan Das,Delivery Van,Naches,Washington
423,Wingtip Toys,"Wingtip Toys (Baldwin City, KS)",Novelty Shop,Aamdaal Kamasamudram,Delivery Van,Baldwin City,Kansas
424,Wingtip Toys,"Wingtip Toys (Heartwell, NE)",Novelty Shop,Baebeesarasvati Kamasamudram,Delivery Van,Heartwell,Nebraska
425,Wingtip Toys,"Wingtip Toys (Bethel Acres, OK)",Novelty Shop,Marcello Dellucci,Delivery Van,Bethel Acres,Oklahoma
426,Wingtip Toys,"Wingtip Toys (Willow Valley, AZ)",Novelty Shop,Mee-Kyong Sin,Delivery Van,Willow Valley,Arizona
427,Wingtip Toys,"Wingtip Toys (Athol Springs, NY)",Novelty Shop,Ivica LuÄic,Delivery Van,Athol Springs,New York
428,Wingtip Toys,"Wingtip Toys (Paw Paw Lake, MI)",Novelty Shop,Vinicius Correa,Delivery Van,Paw Paw Lake,Michigan
429,Wingtip Toys,"Wingtip Toys (Lilbourn, MO)",Novelty Shop,Fabio Pena,Delivery Van,Lilbourn,Missouri
430,Wingtip Toys,"Wingtip Toys (Lost River, ID)",Novelty Shop,Lakshmi Roy,Delivery Van,Lost River,Idaho
431,Wingtip Toys,"Wingtip Toys (Rosa Sánchez, PR)",Novelty Shop,Selma Seppanen,Delivery Van,Rosa Sánchez,Puerto Rico - US Territory
432,Wingtip Toys,"Wingtip Toys (Vamo, FL)",Novelty Shop,Bay Ly,Delivery Van,Vamo,Florida
433,Wingtip Toys,"Wingtip Toys (Balko, OK)",Novelty Shop,Adirake Saenamuang,Delivery Van,Balko,Oklahoma
434,Wingtip Toys,"Wingtip Toys (Lime Lake, NY)",Novelty Shop,Tarja Penttila,Delivery Van,Lime Lake,New York
435,Wingtip Toys,"Wingtip Toys (Teutopolis, IL)",Novelty Shop,Devendranath Huq,Delivery Van,Teutopolis,Illinois
436,Wingtip Toys,"Wingtip Toys (Gargatha, VA)",Novelty Shop,Enes Olsson,Delivery Van,Gargatha,Virginia
437,Wingtip Toys,"Wingtip Toys (Cadogan, PA)",Novelty Shop,Vanja Grgic,Delivery Van,Cadogan,Pennsylvania
438,Wingtip Toys,"Wingtip Toys (Lucasville, OH)",Novelty Shop,Dayaram Mishra,Delivery Van,Lucasville,Ohio
439,Wingtip Toys,"Wingtip Toys (Cylon, WI)",Novelty Shop,Mina Omidzadeh,Delivery Van,Cylon,Wisconsin
440,Wingtip Toys,"Wingtip Toys (Asher, OK)",Novelty Shop,Kadir Usenuly,Delivery Van,Asher,Oklahoma
441,Wingtip Toys,"Wingtip Toys (Keosauqua, IA)",Novelty Shop,Kajsa Jakobsson,Delivery Van,Keosauqua,Iowa
442,Wingtip Toys,"Wingtip Toys (Homer City, PA)",Novelty Shop,Rahul Ghate,Delivery Van,Homer City,Pennsylvania
443,Wingtip Toys,"Wingtip Toys (Berville, MI)",Novelty Shop,Lien Banh,Delivery Van,Berville,Michigan
444,Wingtip Toys,"Wingtip Toys (Tea, SD)",Novelty Shop,Divyendu Chakraborty,Delivery Van,Tea,South Dakota
445,Wingtip Toys,"Wingtip Toys (Dacono, CO)",Novelty Shop,An Dung Ngo,Delivery Van,Dacono,Colorado
446,Wingtip Toys,"Wingtip Toys (Saint Landry, LA)",Novelty Shop,Chetana Kamath,Delivery Van,Saint Landry,Louisiana
447,Wingtip Toys,"Wingtip Toys (Coin, IA)",Novelty Shop,Premwadee Saowaluk,Delivery Van,Coin,Iowa
448,Wingtip Toys,"Wingtip Toys (Salt Wells, NV)",Novelty Shop,Jae-Hwa Min,Delivery Van,Salt Wells,Nevada
449,Wingtip Toys,"Wingtip Toys (Delray, WV)",Novelty Shop,Catalina Nechita,Delivery Van,Delray,West Virginia
450,Wingtip Toys,"Wingtip Toys (Mount Summit, IN)",Novelty Shop,Constanza Laureano,Delivery Van,Mount Summit,Indiana
451,Wingtip Toys,"Wingtip Toys (Smoot, WY)",Novelty Shop,Aakriti Bhamidipati,Delivery Van,Smoot,Wyoming
452,Wingtip Toys,"Wingtip Toys (Lake Davis, CA)",Novelty Shop,Himadri PrabhupÄda,Delivery Van,Lake Davis,California
453,Wingtip Toys,"Wingtip Toys (Stanardsville, VA)",Novelty Shop,Bryan Helms,Delivery Van,Stanardsville,Virginia
454,Wingtip Toys,"Wingtip Toys (Corcovado, PR)",Novelty Shop,Harri Kask,Delivery Van,Corcovado,Puerto Rico - US Territory
455,Wingtip Toys,"Wingtip Toys (Taft Heights, CA)",Novelty Shop,Ilse Sandell,Delivery Van,Taft Heights,California
456,Wingtip Toys,"Wingtip Toys (West Hempstead, NY)",Novelty Shop,Subhash Matondkar,Delivery Van,West Hempstead,New York
457,Wingtip Toys,"Wingtip Toys (Portales, NM)",Novelty Shop,Eesvaraavu Ankitham,Delivery Van,Portales,New Mexico
458,Wingtip Toys,"Wingtip Toys (Coker, AL)",Novelty Shop,Miguel Paez,Delivery Van,Coker,Alabama
459,Wingtip Toys,"Wingtip Toys (Haydenville, OH)",Novelty Shop,Tobias Gruber,Delivery Van,Haydenville,Ohio
460,Wingtip Toys,"Wingtip Toys (Mayhill, NM)",Novelty Shop,Daniela Dumina,Delivery Van,Mayhill,New Mexico
461,Wingtip Toys,"Wingtip Toys (Vair, TX)",Novelty Shop,Ganesh Mukherjee,Delivery Van,Vair,Texas
462,Wingtip Toys,"Wingtip Toys (Crossroads, NM)",Novelty Shop,Avanti Nishad,Delivery Van,Crossroads,New Mexico
463,Wingtip Toys,"Wingtip Toys (Cowlington, OK)",Novelty Shop,Daedeepya Thota,Delivery Van,Cowlington,Oklahoma
464,Wingtip Toys,"Wingtip Toys (Glen Ullin, ND)",Novelty Shop,Gabriela Chirila,Delivery Van,Glen Ullin,North Dakota
465,Wingtip Toys,"Wingtip Toys (Oologah, OK)",Novelty Shop,Nagur Atluri,Delivery Van,Oologah,Oklahoma
466,Wingtip Toys,"Wingtip Toys (Lytle, TX)",Novelty Shop,Sintja Buecek,Delivery Van,Lytle,Texas
467,Wingtip Toys,"Wingtip Toys (Mahaffey, PA)",Novelty Shop,Pongrit Srisati,Delivery Van,Mahaffey,Pennsylvania
468,Wingtip Toys,"Wingtip Toys (Sunburg, MN)",Novelty Shop,Linda Green,Delivery Van,Sunburg,Minnesota
469,Wingtip Toys,"Wingtip Toys (Johnetta, KY)",Novelty Shop,Sarmis Skujins,Delivery Van,Johnetta,Kentucky
470,Wingtip Toys,"Wingtip Toys (Universal City, TX)",Novelty Shop,Libuse Srbova,Delivery Van,Universal City,Texas
471,Wingtip Toys,"Wingtip Toys (Ridgemark, CA)",Novelty Shop,Viktorie Stejskalova,Delivery Van,Ridgemark,California
472,Wingtip Toys,"Wingtip Toys (San Jacinto, CA)",Novelty Shop,Slavko Pavlovic,Delivery Van,San Jacinto,California
473,Wingtip Toys,"Wingtip Toys (Floriston, CA)",Novelty Shop,Doru Munteanu,Delivery Van,Floriston,California
474,Wingtip Toys,"Wingtip Toys (Bokeelia, FL)",Novelty Shop,Aile Aasmae,Delivery Van,Bokeelia,Florida
475,Wingtip Toys,"Wingtip Toys (Cale, AR)",Novelty Shop,Ava Edden,Delivery Van,Cale,Arkansas
476,Wingtip Toys,"Wingtip Toys (Karthaus, PA)",Novelty Shop,Manali Bose,Delivery Van,Karthaus,Pennsylvania
477,Wingtip Toys,"Wingtip Toys (Glancy, MS)",Novelty Shop,Astrid Poisson,Delivery Van,Glancy,Mississippi
478,Wingtip Toys,"Wingtip Toys (Stoneboro, PA)",Novelty Shop,Gi-Suk Heo,Delivery Van,Stoneboro,Pennsylvania
479,Wingtip Toys,"Wingtip Toys (Mier, IN)",Novelty Shop,Irma Kruze,Delivery Van,Mier,Indiana
480,Wingtip Toys,"Wingtip Toys (Wapinitia, OR)",Novelty Shop,Dhaeraemdranaadh Pamulaparthi,Delivery Van,Wapinitia,Oregon
481,Wingtip Toys,"Wingtip Toys (White Church, MO)",Novelty Shop,Agrita Kalnina,Delivery Van,White Church,Missouri
482,Wingtip Toys,"Wingtip Toys (Caton, NY)",Novelty Shop,Ravindra Sandhu,Delivery Van,Caton,New York
483,Wingtip Toys,"Wingtip Toys (Plum Branch, SC)",Novelty Shop,Klara Rakus,Delivery Van,Plum Branch,South Carolina
484,Wingtip Toys,"Wingtip Toys (Mauldin, SC)",Novelty Shop,Am Lo,Delivery Van,Mauldin,South Carolina
485,Wingtip Toys,"Wingtip Toys (Bonner Springs, KS)",Novelty Shop,Sophie Van Lier,Delivery Van,Bonner Springs,Kansas
486,Wingtip Toys,"Wingtip Toys (Lowellville, OH)",Novelty Shop,Dimitry Profis,Delivery Van,Lowellville,Ohio
487,Wingtip Toys,"Wingtip Toys (Elverson, PA)",Novelty Shop,Jan Zeman,Delivery Van,Elverson,Pennsylvania
488,Wingtip Toys,"Wingtip Toys (Isabela, PR)",Novelty Shop,Ranjit Dikshit,Delivery Van,Isabela,Puerto Rico - US Territory
489,Wingtip Toys,"Wingtip Toys (Sayner, WI)",Novelty Shop,Varuna Ganguly,Delivery Van,Sayner,Wisconsin
490,Wingtip Toys,"Wingtip Toys (Beals, ME)",Novelty Shop,Basak Tekin,Delivery Van,Beals,Maine
491,Wingtip Toys,"Wingtip Toys (Morton Grove, IL)",Novelty Shop,Doru Tirlea,Delivery Van,Morton Grove,Illinois
492,Wingtip Toys,"Wingtip Toys (Birds, IL)",Novelty Shop,Jessica Perrine,Delivery Van,Birds,Illinois
493,Wingtip Toys,"Wingtip Toys (Federalsburg, MD)",Novelty Shop,Yavuz Cetinkaya,Delivery Van,Federalsburg,Maryland
494,Wingtip Toys,"Wingtip Toys (Pikeview, CO)",Novelty Shop,Sirirat Kongpaisarn,Delivery Van,Pikeview,Colorado
495,Wingtip Toys,"Wingtip Toys (Boalsburg, PA)",Novelty Shop,Claude Bonsaint,Delivery Van,Boalsburg,Pennsylvania
496,Wingtip Toys,"Wingtip Toys (Port Hueneme, CA)",Novelty Shop,Roman Pajer,Delivery Van,Port Hueneme,California
497,Wingtip Toys,"Wingtip Toys (Verdery, SC)",Novelty Shop,Vitezslav Holy,Delivery Van,Verdery,South Carolina
498,Wingtip Toys,"Wingtip Toys (Obetz, OH)",Novelty Shop,Devi Dewangan,Delivery Van,Obetz,Ohio
499,Wingtip Toys,"Wingtip Toys (East Fultonham, OH)",Novelty Shop,Masa Buecek,Delivery Van,East Fultonham,Ohio
500,Wingtip Toys,"Wingtip Toys (Obion, TN)",Novelty Shop,Bipin Modi,Delivery Van,Obion,Tennessee
501,Wingtip Toys,"Wingtip Toys (Cavendish, VT)",Novelty Shop,Rahul Sarma,Delivery Van,Cavendish,Vermont
502,Wingtip Toys,"Wingtip Toys (Miesville, MN)",Novelty Shop,Alejandro Escobar,Delivery Van,Miesville,Minnesota
503,Wingtip Toys,"Wingtip Toys (Valhalla, NC)",Novelty Shop,Andris Vitols,Delivery Van,Valhalla,North Carolina
504,Wingtip Toys,"Wingtip Toys (Cape Neddick, ME)",Novelty Shop,Mariela Weitzer,Delivery Van,Cape Neddick,Maine
505,Wingtip Toys,"Wingtip Toys (Silver Plume, CO)",Novelty Shop,Alain Pelland,Delivery Van,Silver Plume,Colorado
506,Wingtip Toys,"Wingtip Toys (North Beach Haven, NJ)",Novelty Shop,Milica Stojkovic,Delivery Van,North Beach Haven,New Jersey
507,Wingtip Toys,"Wingtip Toys (Downingtown, PA)",Novelty Shop,Natalie Horackova,Delivery Van,Downingtown,Pennsylvania
508,Wingtip Toys,"Wingtip Toys (Branson West, MO)",Novelty Shop,Baalaaditya Rallapalli,Delivery Van,Branson West,Missouri
509,Wingtip Toys,"Wingtip Toys (Bergen Park, CO)",Novelty Shop,Matej Formanek,Delivery Van,Bergen Park,Colorado
510,Wingtip Toys,"Wingtip Toys (Grabill, IN)",Novelty Shop,Manish Ghosh,Delivery Van,Grabill,Indiana
511,Wingtip Toys,"Wingtip Toys (North Manitou, MI)",Novelty Shop,Pracha Nantakarn,Delivery Van,North Manitou,Michigan
512,Wingtip Toys,"Wingtip Toys (Philip, SD)",Novelty Shop,Charline Flamand,Delivery Van,Philip,South Dakota
513,Wingtip Toys,"Wingtip Toys (Straughn, IN)",Novelty Shop,Teodor Vlad,Delivery Van,Straughn,Indiana
514,Wingtip Toys,"Wingtip Toys (Gilford, NH)",Novelty Shop,Anda Liepa,Delivery Van,Gilford,New Hampshire
515,Wingtip Toys,"Wingtip Toys (Del Valle, TX)",Novelty Shop,Jelena Utjesenovic,Delivery Van,Del Valle,Texas
516,Wingtip Toys,"Wingtip Toys (Harkers Island, NC)",Novelty Shop,Adriana Horackova,Delivery Van,Harkers Island,North Carolina
517,Wingtip Toys,"Wingtip Toys (Licking, MO)",Novelty Shop,Miika Putkonen,Delivery Van,Licking,Missouri
518,Wingtip Toys,"Wingtip Toys (Raton, NM)",Novelty Shop,Padma Iyer,Delivery Van,Raton,New Mexico
519,Wingtip Toys,"Wingtip Toys (Boynton, OK)",Novelty Shop,Åšani Sen,Delivery Van,Boynton,Oklahoma
520,Wingtip Toys,"Wingtip Toys (Frenchburg, KY)",Novelty Shop,Helene Dupuy,Delivery Van,Frenchburg,Kentucky
521,Wingtip Toys,"Wingtip Toys (Robertsdale, AL)",Novelty Shop,omer ozbek,Delivery Van,Robertsdale,Alabama
522,Wingtip Toys,"Wingtip Toys (Dickerson, MD)",Novelty Shop,Akshayakeerti Jandhyala,Delivery Van,Dickerson,Maryland
523,Wingtip Toys,"Wingtip Toys (Bruceton Mills, WV)",Novelty Shop,Ankolika Sen,Delivery Van,Bruceton Mills,West Virginia
524,Wingtip Toys,"Wingtip Toys (Cloquet, MN)",Novelty Shop,Baalaamani Veturi,Delivery Van,Cloquet,Minnesota
525,Wingtip Toys,"Wingtip Toys (Claycomo, MO)",Novelty Shop,Julia Konecna,Delivery Van,Claycomo,Missouri
526,Wingtip Toys,"Wingtip Toys (Beekmantown, NY)",Novelty Shop,Madelaine Paulet,Delivery Van,Beekmantown,New York
527,Wingtip Toys,"Wingtip Toys (Islip Terrace, NY)",Novelty Shop,Mario Jogi,Delivery Van,Islip Terrace,New York
528,Wingtip Toys,"Wingtip Toys (Rich Creek, VA)",Novelty Shop,Kaya ozbek,Delivery Van,Rich Creek,Virginia
529,Wingtip Toys,"Wingtip Toys (Griswoldville, GA)",Novelty Shop,Seo-yeon Rim,Delivery Van,Griswoldville,Georgia
530,Wingtip Toys,"Wingtip Toys (East Mountain, TX)",Novelty Shop,Sitara Benjaree,Delivery Van,East Mountain,Texas
531,Wingtip Toys,"Wingtip Toys (Omer, MI)",Novelty Shop,Javier Caraballo,Delivery Van,Omer,Michigan
532,Wingtip Toys,"Wingtip Toys (Waycross, GA)",Novelty Shop,Akhtar Shahrestaani,Delivery Van,Waycross,Georgia
533,Wingtip Toys,"Wingtip Toys (Nichols Hills, OK)",Novelty Shop,Vanita Bhowmick,Delivery Van,Nichols Hills,Oklahoma
534,Wingtip Toys,"Wingtip Toys (Plaquemine, LA)",Novelty Shop,Nishant Menon,Delivery Van,Plaquemine,Louisiana
535,Wingtip Toys,"Wingtip Toys (Triadelphia, WV)",Novelty Shop,Josef Benda,Delivery Van,Triadelphia,West Virginia
536,Wingtip Toys,"Wingtip Toys (Ferney, SD)",Novelty Shop,Teresa Bender,Delivery Van,Ferney,South Dakota
537,Wingtip Toys,"Wingtip Toys (Akhiok, AK)",Novelty Shop,Deepesh Bose,Delivery Van,Akhiok,Alaska
538,Wingtip Toys,"Wingtip Toys (Deeson, MS)",Novelty Shop,Madhavi Gupta,Delivery Van,Deeson,Mississippi
539,Wingtip Toys,"Wingtip Toys (Nuangola, PA)",Novelty Shop,Bich Banh,Delivery Van,Nuangola,Pennsylvania
540,Wingtip Toys,"Wingtip Toys (Weld, ME)",Novelty Shop,Åšani Nair,Delivery Van,Weld,Maine
541,Wingtip Toys,"Wingtip Toys (Mickleton, NJ)",Novelty Shop,Angelina Gormanston,Delivery Van,Mickleton,New Jersey
542,Wingtip Toys,"Wingtip Toys (Schererville, IN)",Novelty Shop,Prasert Supitayaporn,Delivery Van,Schererville,Indiana
543,Wingtip Toys,"Wingtip Toys (Lexington Heights, MI)",Novelty Shop,Abhaya Rambhatla,Delivery Van,Lexington Heights,Michigan
544,Wingtip Toys,"Wingtip Toys (Broomtown, AL)",Novelty Shop,Lalit Ogra,Delivery Van,Broomtown,Alabama
545,Wingtip Toys,"Wingtip Toys (Jamison, IA)",Novelty Shop,Mina Bagheri,Delivery Van,Jamison,Iowa
546,Wingtip Toys,"Wingtip Toys (Key Biscayne, FL)",Novelty Shop,Debraj Sanyal,Delivery Van,Key Biscayne,Florida
547,Wingtip Toys,"Wingtip Toys (Chaseley, ND)",Novelty Shop,Marco Costa,Delivery Van,Chaseley,North Dakota
548,Wingtip Toys,"Wingtip Toys (Indian Creek, IL)",Novelty Shop,Crina Nechita,Delivery Van,Indian Creek,Illinois
549,Wingtip Toys,"Wingtip Toys (Lake Ronkonkoma, NY)",Novelty Shop,Zala Ibrahimagic,Delivery Van,Lake Ronkonkoma,New York
550,Wingtip Toys,"Wingtip Toys (Morrison Bluff, AR)",Novelty Shop,Gundega Kundzina,Delivery Van,Morrison Bluff,Arkansas
551,Wingtip Toys,"Wingtip Toys (Huntingburg, IN)",Novelty Shop,Parveen Haldar,Delivery Van,Huntingburg,Indiana
552,Wingtip Toys,"Wingtip Toys (Shay, PA)",Novelty Shop,Noel Cartier,Delivery Van,Shay,Pennsylvania
553,Wingtip Toys,"Wingtip Toys (Helotes, TX)",Novelty Shop,Ilgonis Dzenis,Delivery Van,Helotes,Texas
554,Wingtip Toys,"Wingtip Toys (Hollandsburg, IN)",Novelty Shop,Ondrej Tomek,Delivery Van,Hollandsburg,Indiana
555,Wingtip Toys,"Wingtip Toys (Liberty Grove, MD)",Novelty Shop,Mohini Kaul,Delivery Van,Liberty Grove,Maryland
556,Wingtip Toys,"Wingtip Toys (Morita, TX)",Novelty Shop,Arnab Malakar,Delivery Van,Morita,Texas
557,Wingtip Toys,"Wingtip Toys (New Laguna, NM)",Novelty Shop,Mary Barney,Delivery Van,New Laguna,New Mexico
558,Wingtip Toys,"Wingtip Toys (Bourneville, OH)",Novelty Shop,Dhaeraemdranaadh Allu,Delivery Van,Bourneville,Ohio
559,Wingtip Toys,"Wingtip Toys (Mendoza, TX)",Novelty Shop,Paola Greece,Delivery Van,Mendoza,Texas
560,Wingtip Toys,"Wingtip Toys (Palmas del Mar, PR)",Novelty Shop,Flora Olofsson,Delivery Van,Palmas del Mar,Puerto Rico - US Territory
561,Wingtip Toys,"Wingtip Toys (Marion Junction, AL)",Novelty Shop,Nguyet Bach,Delivery Van,Marion Junction,Alabama
562,Wingtip Toys,"Wingtip Toys (Ware Shoals, SC)",Novelty Shop,Jyoti Karnik,Delivery Van,Ware Shoals,South Carolina
563,Wingtip Toys,"Wingtip Toys (Lostine, OR)",Novelty Shop,Samuel Almaraz,Delivery Van,Lostine,Oregon
564,Wingtip Toys,"Wingtip Toys (Tilleda, WI)",Novelty Shop,Zuzana Kuchtova,Delivery Van,Tilleda,Wisconsin
565,Wingtip Toys,"Wingtip Toys (Wapiti, WY)",Novelty Shop,Mark Ruutel,Delivery Van,Wapiti,Wyoming
566,Wingtip Toys,"Wingtip Toys (Amado, AZ)",Novelty Shop,Corneliu Vladu,Delivery Van,Amado,Arizona
567,Wingtip Toys,"Wingtip Toys (Jeromesville, OH)",Novelty Shop,Severins Polis,Delivery Van,Jeromesville,Ohio
568,Wingtip Toys,"Wingtip Toys (Ovilla, TX)",Novelty Shop,Linda Ledezma,Delivery Van,Ovilla,Texas
569,Wingtip Toys,"Wingtip Toys (West Frostproof, FL)",Novelty Shop,Halit Gunes,Delivery Van,West Frostproof,Florida
570,Wingtip Toys,"Wingtip Toys (Flomaton, AL)",Novelty Shop,Vallo Vesik,Delivery Van,Flomaton,Alabama
571,Wingtip Toys,"Wingtip Toys (Pawlet, VT)",Novelty Shop,Dana Mrazova,Delivery Van,Pawlet,Vermont
572,Wingtip Toys,"Wingtip Toys (Trout Run, PA)",Novelty Shop,Ema Slosar,Delivery Van,Trout Run,Pennsylvania
573,Wingtip Toys,"Wingtip Toys (Marin City, CA)",Novelty Shop,Hemchandra Debnath,Delivery Van,Marin City,California
574,Wingtip Toys,"Wingtip Toys (Molalla, OR)",Novelty Shop,Monika Valentova,Delivery Van,Molalla,Oregon
575,Wingtip Toys,"Wingtip Toys (Trumansburg, NY)",Novelty Shop,Dattaatraeya Tottempudi,Delivery Van,Trumansburg,New York
576,Wingtip Toys,"Wingtip Toys (Goodings Grove, IL)",Novelty Shop,Kahkushan Shakiba,Delivery Van,Goodings Grove,Illinois
577,Wingtip Toys,"Wingtip Toys (Cherryplain, NY)",Novelty Shop,Taner YÄ±lmaz,Delivery Van,Cherryplain,New York
578,Wingtip Toys,"Wingtip Toys (Bell Acres, PA)",Novelty Shop,Abhra Thakur,Delivery Van,Bell Acres,Pennsylvania
579,Wingtip Toys,"Wingtip Toys (Connoquenessing, PA)",Novelty Shop,Dunja Radoncis,Delivery Van,Connoquenessing,Pennsylvania
580,Wingtip Toys,"Wingtip Toys (Sarversville, PA)",Novelty Shop,Darakhshan Javaherian,Delivery Van,Sarversville,Pennsylvania
581,Wingtip Toys,"Wingtip Toys (Munich, ND)",Novelty Shop,Youssef Eriksson,Delivery Van,Munich,North Dakota
582,Wingtip Toys,"Wingtip Toys (Montoya, NM)",Novelty Shop,Pavel Bohuslav,Delivery Van,Montoya,New Mexico
583,Wingtip Toys,"Wingtip Toys (Knights Landing, CA)",Novelty Shop,Jiri Vacha,Delivery Van,Knights Landing,California
584,Wingtip Toys,"Wingtip Toys (Cache, OK)",Novelty Shop,Magdalena Cervenkova,Delivery Van,Cache,Oklahoma
585,Wingtip Toys,"Wingtip Toys (Towaco, NJ)",Novelty Shop,Asha Mudigonda,Delivery Van,Towaco,New Jersey
586,Wingtip Toys,"Wingtip Toys (Lynne, FL)",Novelty Shop,Anete Kundzina,Delivery Van,Lynne,Florida
587,Wingtip Toys,"Wingtip Toys (Plata, TX)",Novelty Shop,Daniela Sal,Delivery Van,Plata,Texas
588,Wingtip Toys,"Wingtip Toys (Oak Point, TX)",Novelty Shop,Duangrat Atitarn,Delivery Van,Oak Point,Texas
589,Wingtip Toys,"Wingtip Toys (Alcester, SD)",Novelty Shop,Deviprasad PrabhupÄda,Delivery Van,Alcester,South Dakota
590,Wingtip Toys,"Wingtip Toys (McAdenville, NC)",Novelty Shop,Aija Lukstina,Delivery Van,McAdenville,North Carolina
591,Wingtip Toys,"Wingtip Toys (Idaho City, ID)",Novelty Shop,Hoc Le,Delivery Van,Idaho City,Idaho
592,Wingtip Toys,"Wingtip Toys (Dunkerton, IA)",Novelty Shop,Bhairaam Kidambi,Delivery Van,Dunkerton,Iowa
593,Wingtip Toys,"Wingtip Toys (Cuyamungue, NM)",Novelty Shop,Jae-Hwa Shin,Delivery Van,Cuyamungue,New Mexico
594,Wingtip Toys,"Wingtip Toys (Marfa, TX)",Novelty Shop,Caterina Fallaci,Delivery Van,Marfa,Texas
595,Wingtip Toys,"Wingtip Toys (Accomac, VA)",Novelty Shop,Baanuraekha Voleti,Delivery Van,Accomac,Virginia
596,Wingtip Toys,"Wingtip Toys (Cos Cob, CT)",Novelty Shop,Ranjeet Haldar,Delivery Van,Cos Cob,Connecticut
597,Wingtip Toys,"Wingtip Toys (Haycock, AK)",Novelty Shop,Bhaamini Kanaparthi,Delivery Van,Haycock,Alaska
598,Wingtip Toys,"Wingtip Toys (Kapa'a, HI)",Novelty Shop,Margit Molnar,Delivery Van,Kapa'a,Hawaii
599,Wingtip Toys,"Wingtip Toys (Dickworsham, TX)",Novelty Shop,Chandni Jandhyala,Delivery Van,Dickworsham,Texas
600,Wingtip Toys,"Wingtip Toys (Caro, MI)",Novelty Shop,Ljubomir Nesic,Delivery Van,Caro,Michigan
601,Wingtip Toys,"Wingtip Toys (Ruthsburg, MD)",Novelty Shop,Telma Hermansson,Delivery Van,Ruthsburg,Maryland
801,Eric Torres,Eric Torres,Corporate,Eric Torres,Delivery Van,Shell,Wyoming
802,Cosmina Vlad,Cosmina Vlad,Corporate,Cosmina Vlad,Delivery Van,Cañon,New Mexico
803,Bala Dixit,Bala Dixit,Novelty Shop,Bala Dixit,Delivery Van,Termo,California
804,Aleksandrs Riekstins,Aleksandrs Riekstins,Computer Store,Aleksandrs Riekstins,Delivery Van,La Bolt,South Dakota
805,Ratan Poddar,Ratan Poddar,Novelty Shop,Ratan Poddar,Delivery Van,Ekwok,Alaska
806,Shi Tu,Shi Tu,Novelty Shop,Shi Tu,Delivery Van,Sinclair,Wyoming
807,Gunnar Lohmus,Gunnar Lohmus,Gift Store,Gunnar Lohmus,Delivery Van,Wanaque,New Jersey
808,Jackson Kolios,Jackson Kolios,Computer Store,Jackson Kolios,Delivery Van,Rail Road Flat,California
809,Madhu Dwivedi,Madhu Dwivedi,Computer Store,Madhu Dwivedi,Delivery Van,Panton,Vermont
810,Alena Kellnerova,Alena Kellnerova,Corporate,Alena Kellnerova,Delivery Van,Segundo,Colorado
811,Surendra Sahu,Surendra Sahu,Novelty Shop,Surendra Sahu,Delivery Van,Old River-Winfree,Texas
812,Celica Barajas,Celica Barajas,Supermarket,Celica Barajas,Delivery Van,Drakesboro,Kentucky
813,Shyam Poddar,Shyam Poddar,Corporate,Shyam Poddar,Delivery Van,Tenstrike,Minnesota
814,Johanna Hoornstra,Johanna Hoornstra,Novelty Shop,Johanna Hoornstra,Delivery Van,Petronila,Texas
815,Libuse Valentova,Libuse Valentova,Novelty Shop,Libuse Valentova,Delivery Van,Elkatawa,Kentucky
816,Harsha Huq,Harsha Huq,Gift Store,Harsha Huq,Delivery Van,Dennis Acres,Missouri
817,Agrita Kanepa,Agrita Kanepa,Supermarket,Agrita Kanepa,Delivery Van,Branchburg Park,New Jersey
818,Liia Orav,Liia Orav,Novelty Shop,Liia Orav,Delivery Van,Bladenboro,North Carolina
819,Santiago Vera,Santiago Vera,Computer Store,Santiago Vera,Delivery Van,Nitro,West Virginia
820,Knut Svensson,Knut Svensson,Computer Store,Knut Svensson,Delivery Van,Madison Park,New Jersey
821,Kwanjai Saowaluk,Kwanjai Saowaluk,Supermarket,Kwanjai Saowaluk,Delivery Van,Cataño,Puerto Rico - US Territory
822,Suparna Bhattacharya,Suparna Bhattacharya,Supermarket,Suparna Bhattacharya,Delivery Van,Tiff City,Missouri
823,Francisca Laureano,Francisca Laureano,Gift Store,Francisca Laureano,Delivery Van,Jolley,Iowa
824,Risto Valbe,Risto Valbe,Supermarket,Risto Valbe,Delivery Van,Bazemore,Alabama
825,Jayanta Thakur,Jayanta Thakur,Gift Store,Jayanta Thakur,Delivery Van,Raven,Virginia
826,Leila Carvalho,Leila Carvalho,Novelty Shop,Leila Carvalho,Delivery Van,Spillertown,Illinois
827,Crina Grasu,Crina Grasu,Computer Store,Crina Grasu,Delivery Van,Tamora,Nebraska
828,Sercan Celik,Sercan Celik,Gift Store,Sercan Celik,Delivery Van,Tolono,Illinois
829,Jack Walker,Jack Walker,Supermarket,Jack Walker,Delivery Van,Elbing,Kansas
830,Jana Fialova,Jana Fialova,Novelty Shop,Jana Fialova,Delivery Van,Weigelstown,Pennsylvania
831,Bhaavan Rai,Bhaavan Rai,Corporate,Bhaavan Rai,Delivery Van,Chalco,Nebraska
832,Aakriti Byrraju,Aakriti Byrraju,Supermarket,Aakriti Byrraju,Delivery Van,Glenwillow,Ohio
833,Devraj Rao,Devraj Rao,Novelty Shop,Devraj Rao,Delivery Van,Westwater,Utah
834,Cong Hoa,Cong Hoa,Gift Store,Cong Hoa,Delivery Van,Palatine Bridge,New York
835,Dominic Davignon,Dominic Davignon,Supermarket,Dominic Davignon,Delivery Van,Twin Peaks,California
836,Abel Spirlea,Abel Spirlea,Novelty Shop,Abel Spirlea,Delivery Van,Markville,Minnesota
837,Anil Sarkar,Anil Sarkar,Supermarket,Anil Sarkar,Delivery Van,Gardners,Pennsylvania
838,Pavel Bogdanov,Pavel Bogdanov,Corporate,Pavel Bogdanov,Delivery Van,New Braintree,Massachusetts[E]
839,Juan Morse,Juan Morse,Novelty Shop,Juan Morse,Delivery Van,Greenback,Tennessee
840,Rodrigo Figueiredo,Rodrigo Figueiredo,Novelty Shop,Rodrigo Figueiredo,Delivery Van,Blackville,South Carolina
841,Camille Authier,Camille Authier,Gift Store,Camille Authier,Delivery Van,Abbottsburg,North Carolina
842,Biju Deb,Biju Deb,Gift Store,Biju Deb,Delivery Van,Deer River,Minnesota
843,Marija Justina Pasek,Marija Justina Pasek,Corporate,Marija Justina Pasek,Delivery Van,Marguerite,Pennsylvania
844,Durdanah Abbasi,Durdanah Abbasi,Supermarket,Durdanah Abbasi,Delivery Van,Laurence Harbor,New Jersey
845,Emilie Hrdlickova,Emilie Hrdlickova,Corporate,Emilie Hrdlickova,Delivery Van,New Zion,South Carolina
846,Malorie Bousquet,Malorie Bousquet,Gift Store,Malorie Bousquet,Delivery Van,Valley View Park,California
847,Kristiina Ivanov,Kristiina Ivanov,Computer Store,Kristiina Ivanov,Delivery Van,Wounded Knee,South Dakota
848,Alvin Bollinger,Alvin Bollinger,Computer Store,Alvin Bollinger,Delivery Van,Creelsboro,Kentucky
849,Sabine Zalite,Sabine Zalite,Supermarket,Sabine Zalite,Delivery Van,Haltom City,Texas
850,Daakshaayaani Sankaramanchi,Daakshaayaani Sankaramanchi,Gift Store,Daakshaayaani Sankaramanchi,Delivery Van,Spillville,Iowa
851,Ebru Erdogan,Ebru Erdogan,Gift Store,Ebru Erdogan,Delivery Van,Seiling,Oklahoma
852,Bhagavaan Atluri,Bhagavaan Atluri,Supermarket,Bhagavaan Atluri,Delivery Van,Coosa,Georgia
853,Caterina Pinto,Caterina Pinto,Gift Store,Caterina Pinto,Delivery Van,Akhiok,Alaska
854,Daakshaayaani Kommineni,Daakshaayaani Kommineni,Novelty Shop,Daakshaayaani Kommineni,Delivery Van,Bakers Mill,Florida
855,Anna Mazzanti,Anna Mazzanti,Computer Store,Anna Mazzanti,Delivery Van,Humansville,Missouri
856,Satish Mittal,Satish Mittal,Corporate,Satish Mittal,Delivery Van,Dry Run,Pennsylvania
857,Clarissa Manfrin,Clarissa Manfrin,Gift Store,Clarissa Manfrin,Delivery Van,Ben Arnold,Texas
858,Bimla PrabhupÄda,Bimla PrabhupÄda,Novelty Shop,Bimla PrabhupÄda,Delivery Van,Yermo,California
859,Shah Alizadeh,Shah Alizadeh,Gift Store,Shah Alizadeh,Delivery Van,Gassaway,West Virginia
860,Marcela Lucescu,Marcela Lucescu,Corporate,Marcela Lucescu,Delivery Van,Ewen,Michigan
861,Amarasimha Vinjamuri,Amarasimha Vinjamuri,Supermarket,Amarasimha Vinjamuri,Delivery Van,North Brookfield,Massachusetts[E]
862,Lana Goransson,Lana Goransson,Supermarket,Lana Goransson,Delivery Van,Chateaugay,New York
863,Jakub Lukes,Jakub Lukes,Corporate,Jakub Lukes,Delivery Van,Eagle Valley,New York
864,Mikhail Degtyarev,Mikhail Degtyarev,Computer Store,Mikhail Degtyarev,Delivery Van,Beaver Bay,Minnesota
865,Bijoya Thakur,Bijoya Thakur,Gift Store,Bijoya Thakur,Delivery Van,Kinder,Louisiana
866,Jay Bhuiyan,Jay Bhuiyan,Gift Store,Jay Bhuiyan,Delivery Van,Mount Pocono,Pennsylvania
867,Jasna Cerkez,Jasna Cerkez,Computer Store,Jasna Cerkez,Delivery Van,Elk Garden,West Virginia
868,Laura Sykorova,Laura Sykorova,Novelty Shop,Laura Sykorova,Delivery Van,Coyville,Kansas
869,Abel Tatarescu,Abel Tatarescu,Novelty Shop,Abel Tatarescu,Delivery Van,La Grange Park,Illinois
870,In-Su Bae,In-Su Bae,Gift Store,In-Su Bae,Delivery Van,Meadowdale,Washington
871,Darshana Madhunapantula,Darshana Madhunapantula,Computer Store,Darshana Madhunapantula,Delivery Van,Tolchester Beach,Maryland
872,Katerina Hadrabova,Katerina Hadrabova,Corporate,Katerina Hadrabova,Delivery Van,La Paz,Indiana
873,Hana Hlouskova,Hana Hlouskova,Supermarket,Hana Hlouskova,Delivery Van,Moquino,New Mexico
874,Daniel Martensson,Daniel Martensson,Novelty Shop,Daniel Martensson,Delivery Van,Mamou,Louisiana
875,Philip Walker,Philip Walker,Novelty Shop,Philip Walker,Delivery Van,Waite Hill,Ohio
876,Marie LeBatelier,Marie LeBatelier,Novelty Shop,Marie LeBatelier,Delivery Van,Coupland,Texas
877,Leyla Siavashi,Leyla Siavashi,Gift Store,Leyla Siavashi,Delivery Van,Marcella,New Jersey
878,Miriam House,Miriam House,Corporate,Miriam House,Delivery Van,Makoti,North Dakota
879,Jitka Necesana,Jitka Necesana,Computer Store,Jitka Necesana,Delivery Van,Conesus Lake,New York
880,Edmee Glissen,Edmee Glissen,Computer Store,Edmee Glissen,Delivery Van,McCammon,Idaho
881,Magdalena Michnova,Magdalena Michnova,Computer Store,Magdalena Michnova,Delivery Van,Wrangell,Alaska
882,Maryann Huddleston,Maryann Huddleston,Gift Store,Maryann Huddleston,Delivery Van,Robertsburg,West Virginia
883,Radha Barua,Radha Barua,Gift Store,Radha Barua,Delivery Van,McQueen,Oklahoma
884,Anindya Ghatak,Anindya Ghatak,Computer Store,Anindya Ghatak,Delivery Van,Switz City,Indiana
885,Chandrashekhar Dasgupta,Chandrashekhar Dasgupta,Corporate,Chandrashekhar Dasgupta,Delivery Van,New Plymouth,Idaho
886,Debbie Molina,Debbie Molina,Supermarket,Debbie Molina,Delivery Van,Garlin,Kentucky
887,Baran Jonsson,Baran Jonsson,Supermarket,Baran Jonsson,Delivery Van,Cave Junction,Oregon
888,Jai Lamble,Jai Lamble,Corporate,Jai Lamble,Delivery Van,Grider,Arkansas
889,Sointu Savonheimo,Sointu Savonheimo,Gift Store,Sointu Savonheimo,Delivery Van,Argusville,North Dakota
890,Olya Izmaylov,Olya Izmaylov,Computer Store,Olya Izmaylov,Delivery Van,Flowella,Texas
891,Taneli Riutta,Taneli Riutta,Supermarket,Taneli Riutta,Delivery Van,Sandy Level,Virginia
892,Bahaar Asef zade,Bahaar Asef zade,Supermarket,Bahaar Asef zade,Delivery Van,Alden Bridge,Louisiana
893,Leyla Asef zade,Leyla Asef zade,Novelty Shop,Leyla Asef zade,Delivery Van,West Elkton,Ohio
894,Gabriela Hernandes,Gabriela Hernandes,Corporate,Gabriela Hernandes,Delivery Van,Cypress Quarters,Florida
895,Geza Roman,Geza Roman,Corporate,Geza Roman,Delivery Van,Oval,Pennsylvania
896,Leonardo Folliero,Leonardo Folliero,Supermarket,Leonardo Folliero,Delivery Van,Cotuit,Massachusetts[E]
897,Allan Mannik,Allan Mannik,Corporate,Allan Mannik,Delivery Van,Lake Crystal,Minnesota
898,Gopalgobinda Sikdar,Gopalgobinda Sikdar,Computer Store,Gopalgobinda Sikdar,Delivery Van,Orpha,Wyoming
899,Chin-Sun Chang,Chin-Sun Chang,Corporate,Chin-Sun Chang,Delivery Van,Capa,South Dakota
900,Lilli Sokk,Lilli Sokk,Gift Store,Lilli Sokk,Delivery Van,Gresston,Georgia
901,Adrian Andreasson,Adrian Andreasson,Corporate,Adrian Andreasson,Delivery Van,Du Quoin,Illinois
902,Kamila Michnova,Kamila Michnova,Supermarket,Kamila Michnova,Delivery Van,The Colony,Texas
903,Bing Han,Bing Han,Computer Store,Bing Han,Delivery Van,Darling,Mississippi
904,Olafs Rozitis,Olafs Rozitis,Corporate,Olafs Rozitis,Delivery Van,Sherwin,Kansas
905,Sara Huiting,Sara Huiting,Supermarket,Sara Huiting,Delivery Van,Bock,Minnesota
906,Ajitaab Pakalapati,Ajitaab Pakalapati,Computer Store,Ajitaab Pakalapati,Delivery Van,Caruthers,California
907,Eugen Agafitei,Eugen Agafitei,Supermarket,Eugen Agafitei,Delivery Van,Shawboro,North Carolina
908,Sumati Bhat,Sumati Bhat,Novelty Shop,Sumati Bhat,Delivery Van,Harbour Pointe,Washington
909,Dena Glissen,Dena Glissen,Supermarket,Dena Glissen,Delivery Van,Coffeyville,Kansas
910,Elina Kaleja,Elina Kaleja,Gift Store,Elina Kaleja,Delivery Van,Golden Meadow,Louisiana
911,Liidia Lepp,Liidia Lepp,Gift Store,Liidia Lepp,Delivery Van,Oakpark,Virginia
912,Volkan senturk,Volkan senturk,Computer Store,Volkan senturk,Delivery Van,Wyndham,Virginia
913,Violetta KlanCisar,Violetta KlanCisar,Supermarket,Violetta KlanCisar,Delivery Van,Bayou Cane,Louisiana
914,Chandana Shasthri,Chandana Shasthri,Supermarket,Chandana Shasthri,Delivery Van,Nesmith,South Carolina
915,Ana Florea,Ana Florea,Corporate,Ana Florea,Delivery Van,Buchanan Lake Village,Texas
916,Pinja Jantunen,Pinja Jantunen,Gift Store,Pinja Jantunen,Delivery Van,Nehawka,Nebraska
917,Pari Hosseini,Pari Hosseini,Novelty Shop,Pari Hosseini,Delivery Van,Soham,New Mexico
918,Isidora Morales,Isidora Morales,Novelty Shop,Isidora Morales,Delivery Van,Twodot,Montana
919,Kertu Sokk,Kertu Sokk,Computer Store,Kertu Sokk,Delivery Van,Greig,New York
920,Gayatri Gajula,Gayatri Gajula,Computer Store,Gayatri Gajula,Delivery Van,Shenorock,New York
921,Victoria Lacusta,Victoria Lacusta,Supermarket,Victoria Lacusta,Delivery Van,Conewango,New York
922,Sumati Chatterjee,Sumati Chatterjee,Gift Store,Sumati Chatterjee,Delivery Van,North Muskegon,Michigan
923,Tai Bach,Tai Bach,Novelty Shop,Tai Bach,Delivery Van,Fortville,Indiana
924,Eva Schulteisz,Eva Schulteisz,Novelty Shop,Eva Schulteisz,Delivery Van,Hightsville,North Carolina
925,Can ozcan,Can ozcan,Corporate,Can ozcan,Delivery Van,Oley,Pennsylvania
926,Richard Friar,Richard Friar,Corporate,Richard Friar,Delivery Van,North Eastham,Massachusetts[E]
927,Matyas Sedlar,Matyas Sedlar,Novelty Shop,Matyas Sedlar,Delivery Van,Calvert City,Kentucky
928,Arijit Bhuiyan,Arijit Bhuiyan,Computer Store,Arijit Bhuiyan,Delivery Van,Esopus,New York
929,Vladimir Henzl,Vladimir Henzl,Supermarket,Vladimir Henzl,Delivery Van,Port Chilkoot,Alaska
930,Shantanu Huq,Shantanu Huq,Gift Store,Shantanu Huq,Delivery Van,Cramerton,North Carolina
931,Nada Jovanovic,Nada Jovanovic,Corporate,Nada Jovanovic,Delivery Van,North York,Pennsylvania
932,Nicolo Cattaneo,Nicolo Cattaneo,Corporate,Nicolo Cattaneo,Delivery Van,Schoharie,New York
933,Joel Carrillo,Joel Carrillo,Computer Store,Joel Carrillo,Delivery Van,Drumright,Oklahoma
934,Ivan Sepulveda,Ivan Sepulveda,Novelty Shop,Ivan Sepulveda,Delivery Van,Northrop,Minnesota
935,Daevasree Samavedam,Daevasree Samavedam,Corporate,Daevasree Samavedam,Delivery Van,Golf View,New Jersey
936,Ludmila Smidova,Ludmila Smidova,Novelty Shop,Ludmila Smidova,Delivery Van,Tempe,Arizona
937,Manca Hrastovsek,Manca Hrastovsek,Gift Store,Manca Hrastovsek,Delivery Van,Southside,Alabama
938,Anna Gyarmathi,Anna Gyarmathi,Novelty Shop,Anna Gyarmathi,Delivery Van,Kannapolis,North Carolina
939,Ioana Florea,Ioana Florea,Supermarket,Ioana Florea,Delivery Van,Nahant,Massachusetts[E]
940,Lorin Astrom,Lorin Astrom,Gift Store,Lorin Astrom,Delivery Van,Port Alto,Texas
941,Bishwa Chatterjee,Bishwa Chatterjee,Novelty Shop,Bishwa Chatterjee,Delivery Van,Lake Clarke Shores,Florida
942,Chaayaadaevi Sonti,Chaayaadaevi Sonti,Corporate,Chaayaadaevi Sonti,Delivery Van,Roachtown,Illinois
943,Drazenka Jelic,Drazenka Jelic,Novelty Shop,Drazenka Jelic,Delivery Van,Cherry Grove Beach,South Carolina
944,Ida Celma,Ida Celma,Novelty Shop,Ida Celma,Delivery Van,Hawarden,Iowa
945,Hoc Tran,Hoc Tran,Computer Store,Hoc Tran,Delivery Van,White Horse Beach,Massachusetts[E]
946,David safranek,David safranek,Supermarket,David safranek,Delivery Van,Toughkenamon,Pennsylvania
947,Svetlana Todorovic,Svetlana Todorovic,Supermarket,Svetlana Todorovic,Delivery Van,Venersborg,Washington
948,Richard Zahradnicek,Richard Zahradnicek,Supermarket,Richard Zahradnicek,Delivery Van,Jane,Missouri
949,Seo-yun Paik,Seo-yun Paik,Corporate,Seo-yun Paik,Delivery Van,Jones Creek,Texas
950,Emily Whittle,Emily Whittle,Corporate,Emily Whittle,Delivery Van,Huntington Woods,Michigan
951,Eliza Persson,Eliza Persson,Supermarket,Eliza Persson,Delivery Van,Jesmond Dene,California
952,Chuan Wattanasin,Chuan Wattanasin,Novelty Shop,Chuan Wattanasin,Delivery Van,Flanagan,Illinois
953,Linh Dao,Linh Dao,Supermarket,Linh Dao,Delivery Van,Mashulaville,Mississippi
954,Nasrin Omidzadeh,Nasrin Omidzadeh,Supermarket,Nasrin Omidzadeh,Delivery Van,Mary Esther,Florida
955,Raghu Sandhu,Raghu Sandhu,Novelty Shop,Raghu Sandhu,Delivery Van,Bowleys Quarters,Maryland
956,Nhung Thach,Nhung Thach,Computer Store,Nhung Thach,Delivery Van,Red Mesa,Arizona
957,Hee-Young Suh,Hee-Young Suh,Novelty Shop,Hee-Young Suh,Delivery Van,Nicasio,California
958,Valentin Tirlea,Valentin Tirlea,Gift Store,Valentin Tirlea,Delivery Van,Pharr,Texas
959,Dhaatri Chavva,Dhaatri Chavva,Novelty Shop,Dhaatri Chavva,Delivery Van,Edgecomb,Maine
960,Edgar Jogi,Edgar Jogi,Computer Store,Edgar Jogi,Delivery Van,Bombay Beach,California
961,Rani Ganguly,Rani Ganguly,Gift Store,Rani Ganguly,Delivery Van,Arrowhead Highlands,California
962,Bhagavati Vinjamuri,Bhagavati Vinjamuri,Supermarket,Bhagavati Vinjamuri,Delivery Van,Ewart,Iowa
963,Be Trang,Be Trang,Corporate,Be Trang,Delivery Van,Watonga,Oklahoma
964,Ingrida Zeltina,Ingrida Zeltina,Supermarket,Ingrida Zeltina,Delivery Van,Trilby,Florida
965,Phoung Cu,Phoung Cu,Corporate,Phoung Cu,Delivery Van,McCall,Idaho
966,Sara Walkky,Sara Walkky,Supermarket,Sara Walkky,Delivery Van,Chipita Park,Colorado
967,Meera Patel,Meera Patel,Gift Store,Meera Patel,Delivery Van,Hanaford,Illinois
968,Anca Gogean,Anca Gogean,Corporate,Anca Gogean,Delivery Van,Arrowbear Lake,California
969,Staffan Persson,Staffan Persson,Computer Store,Staffan Persson,Delivery Van,Phelps City,Missouri
970,Isidora Urias,Isidora Urias,Novelty Shop,Isidora Urias,Delivery Van,Bratt,Florida
971,Dhanishta Mokkapati,Dhanishta Mokkapati,Corporate,Dhanishta Mokkapati,Delivery Van,Iliamna,Alaska
972,Lakshmi Benipal,Lakshmi Benipal,Computer Store,Lakshmi Benipal,Delivery Van,Lompoc,California
973,Kumar Kamei,Kumar Kamei,Novelty Shop,Kumar Kamei,Delivery Van,Middleway,West Virginia
974,Emil Roman,Emil Roman,Computer Store,Emil Roman,Delivery Van,Kopperl,Texas
975,Prabodh Nair,Prabodh Nair,Novelty Shop,Prabodh Nair,Delivery Van,Tschetter Colony,South Dakota
976,Alinne Matos,Alinne Matos,Computer Store,Alinne Matos,Delivery Van,Sea Island,Georgia
977,Mauno Laurila,Mauno Laurila,Novelty Shop,Mauno Laurila,Delivery Van,North Eaton,Ohio
978,Baalaamjali Devulapalli,Baalaamjali Devulapalli,Supermarket,Baalaamjali Devulapalli,Delivery Van,Puerto de Luna,New Mexico
979,Melani Ravlen,Melani Ravlen,Corporate,Melani Ravlen,Delivery Van,Cookietown,Oklahoma
980,Om Yadav,Om Yadav,Novelty Shop,Om Yadav,Delivery Van,Lunds,Wisconsin
981,Mahmut ozbek,Mahmut ozbek,Gift Store,Mahmut ozbek,Delivery Van,Bernardston,Massachusetts[E]
982,Yves Belisle,Yves Belisle,Supermarket,Yves Belisle,Delivery Van,Walapai,Arizona
983,Sabine Alksne,Sabine Alksne,Supermarket,Sabine Alksne,Delivery Van,Grannis,Arkansas
984,Kamala Nishad,Kamala Nishad,Corporate,Kamala Nishad,Delivery Van,Haddon Heights,New Jersey
985,Roko Ilic,Roko Ilic,Corporate,Roko Ilic,Delivery Van,Grantsburg,Wisconsin
986,Neil Farrelly,Neil Farrelly,Novelty Shop,Neil Farrelly,Delivery Van,Sabinsville,Pennsylvania
987,Akhil Nadar,Akhil Nadar,Supermarket,Akhil Nadar,Delivery Van,Schaal,Arkansas
988,Maksims Krastins,Maksims Krastins,Gift Store,Maksims Krastins,Delivery Van,Lorentz,West Virginia
989,Milinka Zujovic,Milinka Zujovic,Gift Store,Milinka Zujovic,Delivery Van,Zurich,Kansas
990,Andris Saulitis,Andris Saulitis,Corporate,Andris Saulitis,Delivery Van,El Refugio,Texas
991,Valter Viiding,Valter Viiding,Supermarket,Valter Viiding,Delivery Van,Cuyahoga Heights,Ohio
992,Amarakumaar Gadiyaram,Amarakumaar Gadiyaram,Novelty Shop,Amarakumaar Gadiyaram,Delivery Van,Vollmar,Colorado
993,Gasper Havzija,Gasper Havzija,Gift Store,Gasper Havzija,Delivery Van,Shell Knob,Missouri
994,Libuse Kuchtova,Libuse Kuchtova,Supermarket,Libuse Kuchtova,Delivery Van,Van Alstyne,Texas
995,Kumar Naicker,Kumar Naicker,Novelty Shop,Kumar Naicker,Delivery Van,Oconto Falls,Wisconsin
996,Laszlo Gardenier,Laszlo Gardenier,Gift Store,Laszlo Gardenier,Delivery Van,Marion Hill,Pennsylvania
997,Nada Ana Slosar,Nada Ana Slosar,Supermarket,Nada Ana Slosar,Delivery Van,Cloud Lake,Florida
998,Mahavir Sonkar,Mahavir Sonkar,Computer Store,Mahavir Sonkar,Delivery Van,Pastura,New Mexico
999,Kristi Part,Kristi Part,Supermarket,Kristi Part,Delivery Van,Yerington,Nevada
1000,Krishnam Allu,Krishnam Allu,Novelty Shop,Krishnam Allu,Delivery Van,Catesby,Oklahoma
1001,Dinh Mai,Dinh Mai,Computer Store,Dinh Mai,Delivery Van,Dorchester,Texas
1002,Stefan Selezeanu,Stefan Selezeanu,Computer Store,Stefan Selezeanu,Delivery Van,Copake,New York
1003,Hue Ton,Hue Ton,Supermarket,Hue Ton,Delivery Van,Holden Beach,North Carolina
1004,Drishti Bose,Drishti Bose,Gift Store,Drishti Bose,Delivery Van,Wesson,Arkansas
1005,Bhadram Kamasamudram,Bhadram Kamasamudram,Novelty Shop,Bhadram Kamasamudram,Delivery Van,Wells,Vermont
1006,Taj Syme,Taj Syme,Novelty Shop,Taj Syme,Delivery Van,Oakshade,Ohio
1007,Irma Berzina,Irma Berzina,Corporate,Irma Berzina,Delivery Van,Newberg,Oregon
1008,Vedrana Kovacevic,Vedrana Kovacevic,Novelty Shop,Vedrana Kovacevic,Delivery Van,Reader,Arkansas
1009,Bhagavateeprasaad Malladi,Bhagavateeprasaad Malladi,Computer Store,Bhagavateeprasaad Malladi,Delivery Van,Greenfield,Arkansas
1010,Serdar ozCelik,Serdar ozCelik,Supermarket,Serdar ozCelik,Delivery Van,Dawn,Texas
1011,Rajeev Sandhu,Rajeev Sandhu,Gift Store,Rajeev Sandhu,Delivery Van,Wasco,Oregon
1012,Urve Kasesalu,Urve Kasesalu,Corporate,Urve Kasesalu,Delivery Van,Cherokee,Iowa
1013,Annette Hetu,Annette Hetu,Computer Store,Annette Hetu,Delivery Van,Hanna,Oklahoma
1014,Narendra Tickoo,Narendra Tickoo,Novelty Shop,Narendra Tickoo,Delivery Van,Dillon,South Carolina
1015,Isa Hulsegge,Isa Hulsegge,Computer Store,Isa Hulsegge,Delivery Van,Saxapahaw,North Carolina
1016,Aive Petrov,Aive Petrov,Supermarket,Aive Petrov,Delivery Van,Virgil,Kansas
1017,David Novacek,David Novacek,Gift Store,David Novacek,Delivery Van,Corryton,Tennessee
1018,Nils Kaulins,Nils Kaulins,Computer Store,Nils Kaulins,Delivery Van,Greycliff,Montana
1019,Dhanishta Pullela,Dhanishta Pullela,Novelty Shop,Dhanishta Pullela,Delivery Van,Gallipolis Ferry,West Virginia
1020,Hai Banh,Hai Banh,Computer Store,Hai Banh,Delivery Van,Claremont,North Carolina
1021,Fabrice Cloutier,Fabrice Cloutier,Supermarket,Fabrice Cloutier,Delivery Van,Staley,North Carolina
1022,Nadir Seddigh,Nadir Seddigh,Computer Store,Nadir Seddigh,Delivery Van,Biorka,Alaska
1023,Farzana Habibi,Farzana Habibi,Corporate,Farzana Habibi,Delivery Van,Brookville,Indiana
1024,Arka Chatterjee,Arka Chatterjee,Supermarket,Arka Chatterjee,Delivery Van,Byers,Colorado
1025,Tuulikki Linna,Tuulikki Linna,Gift Store,Tuulikki Linna,Delivery Van,Otterville,Illinois
1026,Daniella Cavalcante,Daniella Cavalcante,Computer Store,Daniella Cavalcante,Delivery Van,Ravia,Oklahoma
1027,Serdar ozden,Serdar ozden,Corporate,Serdar ozden,Delivery Van,Richland,Iowa
1028,Emma Van Zant,Emma Van Zant,Gift Store,Emma Van Zant,Delivery Van,Wray,Colorado
1029,Veronika Necesana,Veronika Necesana,Novelty Shop,Veronika Necesana,Delivery Van,Dover,Minnesota
1030,Chompoo Atitarn,Chompoo Atitarn,Computer Store,Chompoo Atitarn,Delivery Van,Ashland,New Hampshire
1031,Dipti Shah,Dipti Shah,Gift Store,Dipti Shah,Delivery Van,Scioto Furnace,Ohio
1032,Som Mukherjee,Som Mukherjee,Novelty Shop,Som Mukherjee,Delivery Van,Moroni,Utah
1033,Cuneyt Arslan,Cuneyt Arslan,Supermarket,Cuneyt Arslan,Delivery Van,Komalty,Oklahoma
1034,Aishwarya Dantuluri,Aishwarya Dantuluri,Novelty Shop,Aishwarya Dantuluri,Delivery Van,Biggs,California
1035,Manjunatha Karnik,Manjunatha Karnik,Computer Store,Manjunatha Karnik,Delivery Van,Wright City,Oklahoma
1036,Erik Malk,Erik Malk,Computer Store,Erik Malk,Delivery Van,Basin,Montana
1037,David Jaramillo,David Jaramillo,Corporate,David Jaramillo,Delivery Van,Ridgeway,South Carolina
1038,Damodara Trivedi,Damodara Trivedi,Gift Store,Damodara Trivedi,Delivery Van,Tarzan,Texas
1039,Bhaamini Palagummi,Bhaamini Palagummi,Gift Store,Bhaamini Palagummi,Delivery Van,Lake Mohegan,New York
1040,Damodar Shenoy,Damodar Shenoy,Novelty Shop,Damodar Shenoy,Delivery Van,Scott,Georgia
1041,Tomo Vidovic,Tomo Vidovic,Supermarket,Tomo Vidovic,Delivery Van,Tremont,Maine
1042,Nguyen Banh,Nguyen Banh,Novelty Shop,Nguyen Banh,Delivery Van,Florahome,Florida
1043,Raj Verma,Raj Verma,Corporate,Raj Verma,Delivery Van,Colebrook,Connecticut
1044,Hanita Nookala,Hanita Nookala,Novelty Shop,Hanita Nookala,Delivery Van,Meaux,Louisiana
1045,Matteo Cattaneo,Matteo Cattaneo,Supermarket,Matteo Cattaneo,Delivery Van,Nicholson,Georgia
1046,Christian Couet,Christian Couet,Computer Store,Christian Couet,Delivery Van,Great Neck,New York
1047,Ivana Hadrabova,Ivana Hadrabova,Computer Store,Ivana Hadrabova,Delivery Van,Lancaster,New Hampshire
1048,Abhra Ganguly,Abhra Ganguly,Gift Store,Abhra Ganguly,Delivery Van,Walker Valley,New York
1049,Amet Shergill,Amet Shergill,Corporate,Amet Shergill,Delivery Van,Yampa,Colorado
1050,Amrita Ganguly,Amrita Ganguly,Supermarket,Amrita Ganguly,Delivery Van,Palmas del Mar,Puerto Rico - US Territory
1051,Sylvie Laramee,Sylvie Laramee,Gift Store,Sylvie Laramee,Delivery Van,Isabela,Puerto Rico - US Territory
1052,Ian Olofsson,Ian Olofsson,Supermarket,Ian Olofsson,Delivery Van,Liberty Plain,Massachusetts[E]
1053,Luis Saucedo,Luis Saucedo,Computer Store,Luis Saucedo,Delivery Van,Linden,Texas
1054,Emma Salpa,Emma Salpa,Supermarket,Emma Salpa,Delivery Van,Rogersville,Alabama
1055,Adriana Pena,Adriana Pena,Computer Store,Adriana Pena,Delivery Van,Roberta Mill,North Carolina
1056,Kalyani Benjaree,Kalyani Benjaree,Corporate,Kalyani Benjaree,Delivery Van,Bowmansville,New York
1057,Ganesh Majumdar,Ganesh Majumdar,Computer Store,Ganesh Majumdar,Delivery Van,Orland Hills,Illinois
1058,Jaroslav Fisar,Jaroslav Fisar,Gift Store,Jaroslav Fisar,Delivery Van,Sigel,Pennsylvania
1059,Jibek Juniskyzy,Jibek Juniskyzy,Supermarket,Jibek Juniskyzy,Delivery Van,Ellisville,Illinois
1060,Anand Mudaliyar,Anand Mudaliyar,Corporate,Anand Mudaliyar,Delivery Van,Midland,Washington
1061,Agrita Abele,Agrita Abele,Computer Store,Agrita Abele,Delivery Van,Long Beach,Washington